<?xml version="1.0" encoding="UTF-8"?>
<project-private xmlns="http://www.netbeans.org/ns/project-private/1">
    <editor-bookmarks xmlns="http://www.netbeans.org/ns/editor-bookmarks/2" lastBookmarkId="0"/>
    <open-files xmlns="http://www.netbeans.org/ns/projectui-open-files/2">
        <group>
            <file>file:/C:/Users/Diana/Documents/NetBeansProjects/convalidacion/src/util/principal.java</file>
            <file>file:/C:/Users/Diana/Documents/NetBeansProjects/convalidacion/src/modelo/LectorConvalidacionExcel.java</file>
            <file>file:/C:/Users/Diana/Documents/NetBeansProjects/convalidacion/src/util/ConvalidacionMalla.java</file>
            <file>file:/C:/Users/Diana/Documents/NetBeansProjects/convalidacion/src/modelo/LectorExcel.java</file>
            <file>file:/C:/Users/Diana/Documents/NetBeansProjects/convalidacion/src/gui/VentanaFichaAcademica.java</file>
        </group>
    </open-files>
</project-private>
